ENSG00000000419	3
ENSG00000000971	7
ENSG00000001626	16
ENSG00000001630	18
ENSG00000002549	22
ENSG00000002834	29
ENSG00000002933	31
ENSG00000003056	32
ENSG00000003436	40
ENSG00000003756	42
ENSG00000003989	44
ENSG00000004059	45
ENSG00000004399	48
ENSG00000004455	49
ENSG00000004478	51
ENSG00000004487	52
ENSG00000004534	53
ENSG00000004776	57
ENSG00000004779	59
ENSG00000004799	60
ENSG00000004897	66
ENSG00000005059	74
ENSG00000005187	82
ENSG00000005339	90
ENSG00000005483	98
ENSG00000005486	99
ENSG00000005810	103
ENSG00000006042	116
ENSG00000006125	123
ENSG00000006128	124
ENSG00000006625	143
ENSG00000006652	146
ENSG00000007062	161
ENSG00000007168	164
ENSG00000007908	185
ENSG00000008018	191
ENSG00000008130	197
ENSG00000008282	202
ENSG00000008294	204
ENSG00000008311	206
ENSG00000008324	208
ENSG00000008394	210
ENSG00000008952	222
ENSG00000008988	223
ENSG00000009307	224
ENSG00000009765	229
ENSG00000009780	230
ENSG00000009790	231
ENSG00000009844	233
ENSG00000010017	236
ENSG00000010244	241
ENSG00000010256	242
ENSG00000010282	245
ENSG00000010327	252
ENSG00000010438	256
ENSG00000011009	267
ENSG00000011028	269
ENSG00000011426	288
ENSG00000011465	291
ENSG00000011600	297
ENSG00000012822	312
ENSG00000013297	319
ENSG00000013441	325
ENSG00000013588	332
ENSG00000014257	340
ENSG00000014641	341
ENSG00000015475	350
ENSG00000015479	351
ENSG00000015532	353
ENSG00000015592	354
ENSG00000016490	359
ENSG00000016602	360
ENSG00000017260	362
ENSG00000018189	366
ENSG00000018408	369
ENSG00000018625	372
ENSG00000019549	381
ENSG00000020577	389
ENSG00000021826	399
ENSG00000022840	406
ENSG00000023734	420
ENSG00000023892	422
ENSG00000023902	423
ENSG00000024422	426
ENSG00000025796	437
ENSG00000026025	439
ENSG00000026297	441
ENSG00000028839	459
ENSG00000029363	461
ENSG00000031698	474
ENSG00000032219	476
ENSG00000032444	478
ENSG00000033170	485
ENSG00000033178	486
ENSG00000033867	490
ENSG00000034152	492
ENSG00000034713	498
ENSG00000035115	500
ENSG00000035928	509
ENSG00000038274	530
ENSG00000038427	534
ENSG00000038945	536
ENSG00000039068	537
ENSG00000040275	547
ENSG00000040341	548
ENSG00000041357	556
ENSG00000042493	567
ENSG00000044115	581
ENSG00000044574	585
ENSG00000046604	586
ENSG00000047315	596
ENSG00000047346	597
ENSG00000047410	599
ENSG00000047457	600
ENSG00000047617	604
ENSG00000047849	609
ENSG00000048162	615
ENSG00000048471	620
ENSG00000048540	621
ENSG00000048649	624
ENSG00000049130	630
ENSG00000049245	634
ENSG00000049323	637
ENSG00000049449	638
ENSG00000049540	639
ENSG00000049759	643
ENSG00000049860	645
ENSG00000050405	652
ENSG00000051596	667
ENSG00000051620	668
ENSG00000051825	669
ENSG00000052723	672
ENSG00000052802	675
ENSG00000052841	676
ENSG00000053254	678
ENSG00000053371	680
ENSG00000053438	682
ENSG00000053747	686
ENSG00000054267	695
ENSG00000054282	697
ENSG00000054523	699
ENSG00000054654	702
ENSG00000055044	711
ENSG00000055070	712
ENSG00000055609	721
ENSG00000055955	726
ENSG00000056050	728
ENSG00000056097	729
ENSG00000056558	732
ENSG00000057019	737
ENSG00000057149	738
ENSG00000057608	743
ENSG00000058056	749
ENSG00000058063	750
ENSG00000058262	753
ENSG00000058272	754
ENSG00000058600	758
ENSG00000059728	771
ENSG00000060138	777
ENSG00000060339	780
ENSG00000060688	786
ENSG00000060718	788
ENSG00000060762	790
ENSG00000060971	791
ENSG00000060982	792
ENSG00000061676	797
ENSG00000062038	803
ENSG00000062194	805
ENSG00000062485	808
ENSG00000062582	810
ENSG00000063660	830
ENSG00000064042	835
ENSG00000064115	837
ENSG00000064205	841
ENSG00000064270	844
ENSG00000064547	852
ENSG00000064886	866
ENSG00000065150	879
ENSG00000065154	880
ENSG00000065357	888
ENSG00000065427	892
ENSG00000065518	896
ENSG00000065534	898
ENSG00000065548	899
ENSG00000065618	905
ENSG00000065809	911
ENSG00000065882	913
ENSG00000065911	915
ENSG00000065978	918
ENSG00000066044	922
ENSG00000066056	923
ENSG00000066117	925
ENSG00000066136	927
ENSG00000066322	933
ENSG00000066336	934
ENSG00000066654	946
ENSG00000066926	955
ENSG00000067057	958
ENSG00000067064	959
ENSG00000067066	960
ENSG00000067113	962
ENSG00000067167	964
ENSG00000067225	970
ENSG00000067334	972
ENSG00000067955	990
ENSG00000068079	996
ENSG00000068305	1000
ENSG00000068615	1010
ENSG00000068697	1013
ENSG00000068745	1015
ENSG00000069011	1027
ENSG00000069275	1032
ENSG00000069424	1036
ENSG00000069482	1038
ENSG00000069667	1042
ENSG00000069849	1047
ENSG00000069956	1050
ENSG00000069966	1051
ENSG00000070010	1054
ENSG00000070081	1060
ENSG00000070087	1061
ENSG00000070501	1078
ENSG00000070669	1084
ENSG00000070729	1086
ENSG00000070756	1088
ENSG00000070761	1090
ENSG00000070961	1100
ENSG00000071082	1105
ENSG00000071243	1111
ENSG00000071462	1114
ENSG00000071537	1115
ENSG00000071575	1119
ENSG00000071967	1126
ENSG00000071994	1128
ENSG00000072042	1130
ENSG00000072210	1143
ENSG00000072682	1156
ENSG00000072786	1161
ENSG00000072832	1164
ENSG00000072849	1166
ENSG00000073111	1176
ENSG00000073282	1180
ENSG00000073578	1186
ENSG00000073614	1190
ENSG00000073712	1193
ENSG00000073756	1197
ENSG00000073921	1203
ENSG00000074054	1206
ENSG00000074201	1209
ENSG00000074266	1212
ENSG00000074319	1215
ENSG00000074416	1219
ENSG00000074657	1225
ENSG00000074695	1227
ENSG00000074696	1228
ENSG00000074755	1230
ENSG00000074800	1231
ENSG00000075142	1243
ENSG00000075223	1248
ENSG00000075239	1250
ENSG00000075292	1253
ENSG00000075415	1262
ENSG00000075420	1263
ENSG00000075426	1264
ENSG00000075539	1266
ENSG00000075711	1273
ENSG00000075785	1274
ENSG00000075884	1278
ENSG00000076003	1284
ENSG00000076043	1285
ENSG00000076108	1288
ENSG00000076555	1300
ENSG00000076706	1306
ENSG00000077009	1315
ENSG00000077097	1320
ENSG00000077147	1321
ENSG00000077150	1322
ENSG00000077152	1323
ENSG00000077157	1324
ENSG00000077232	1325
ENSG00000077254	1328
ENSG00000077312	1331
ENSG00000077380	1334
ENSG00000077522	1341
ENSG00000077943	1352
ENSG00000077984	1353
ENSG00000078018	1354
ENSG00000078098	1360
ENSG00000078114	1361
ENSG00000078369	1373
ENSG00000078618	1381
ENSG00000078668	1382
ENSG00000078674	1383
ENSG00000078747	1387
ENSG00000079112	1397
ENSG00000079215	1401
ENSG00000079246	1402
ENSG00000079277	1405
ENSG00000079332	1408
ENSG00000079435	1415
ENSG00000079689	1421
ENSG00000079739	1423
ENSG00000079819	1426
ENSG00000080371	1441
ENSG00000080493	1442
ENSG00000080503	1443
ENSG00000080822	1456
ENSG00000080823	1457
ENSG00000080824	1458
ENSG00000081041	1468
ENSG00000081154	1473
ENSG00000081181	1475
ENSG00000081277	1479
ENSG00000081870	1494
ENSG00000082153	1502
ENSG00000082397	1510
ENSG00000082438	1511
ENSG00000082515	1516
ENSG00000082701	1520
ENSG00000082781	1521
ENSG00000082898	1523
ENSG00000082996	1524
ENSG00000083312	1534
ENSG00000083444	1535
ENSG00000083845	1553
ENSG00000083896	1555
ENSG00000084070	1557
ENSG00000084072	1558
ENSG00000084073	1559
ENSG00000084234	1566
ENSG00000084623	1570
ENSG00000084674	1574
ENSG00000084733	1579
ENSG00000084754	1581
ENSG00000085063	1584
ENSG00000085117	1585
ENSG00000085265	1589
ENSG00000085563	1603
ENSG00000085662	1605
ENSG00000085719	1606
ENSG00000085832	1613
ENSG00000085871	1615
ENSG00000086061	1622
ENSG00000086205	1629
ENSG00000086232	1630
ENSG00000086300	1633
ENSG00000086475	1634
ENSG00000086548	1638
ENSG00000086598	1641
ENSG00000086619	1642
ENSG00000086666	1643
ENSG00000087191	1668
ENSG00000087365	1684
ENSG00000087460	1686
ENSG00000087502	1690
ENSG00000087586	1692
ENSG00000088179	1702
ENSG00000088205	1703
ENSG00000088247	1704
ENSG00000088305	1708
ENSG00000088325	1710
ENSG00000088448	1716
ENSG00000088726	1721
ENSG00000088766	1724
ENSG00000088832	1729
ENSG00000088833	1730
ENSG00000088970	1740
ENSG00000088986	1741
ENSG00000089006	1743
ENSG00000089009	1744
ENSG00000089053	1750
ENSG00000089063	1753
ENSG00000089127	1758
ENSG00000089154	1759
ENSG00000089157	1760
ENSG00000089159	1761
ENSG00000089199	1766
ENSG00000089220	1767
ENSG00000089248	1770
ENSG00000089351	1776
ENSG00000090060	1801
ENSG00000090061	1802
ENSG00000090097	1803
ENSG00000090263	1806
ENSG00000090266	1807
ENSG00000090273	1808
ENSG00000090382	1813
ENSG00000090402	1814
ENSG00000090520	1820
ENSG00000090615	1827
ENSG00000090621	1828
ENSG00000090861	1835
ENSG00000090863	1836
ENSG00000091039	1845
ENSG00000091138	1853
ENSG00000091140	1854
ENSG00000091164	1856
ENSG00000091317	1858
ENSG00000091409	1859
ENSG00000091436	1861
ENSG00000091483	1863
ENSG00000091490	1864
ENSG00000091513	1865
ENSG00000091527	1866
ENSG00000091583	1869
ENSG00000091651	1873
ENSG00000091704	1876
ENSG00000091986	1883
ENSG00000092054	1889
ENSG00000092096	1893
ENSG00000092148	1897
ENSG00000092199	1898
ENSG00000092200	1899
ENSG00000092201	1900
ENSG00000092203	1901
ENSG00000092421	1907
ENSG00000092470	1910
ENSG00000092621	1914
ENSG00000092964	1924
ENSG00000093009	1928
ENSG00000093144	1932
ENSG00000094963	1944
ENSG00000095303	1955
ENSG00000095637	1968
ENSG00000095787	1973
ENSG00000095794	1974
ENSG00000095906	1975
ENSG00000096060	1981
ENSG00000096088	1985
ENSG00000096696	1992
ENSG00000096746	1994
ENSG00000099194	2004
ENSG00000099246	2008
ENSG00000099284	2014
ENSG00000099331	2019
ENSG00000099341	2022
ENSG00000099783	2035
ENSG00000099785	2036
ENSG00000099795	2037
ENSG00000099797	2038
ENSG00000099977	2072
ENSG00000100030	2087
ENSG00000100075	2098
ENSG00000100100	2108
ENSG00000100129	2116
ENSG00000100138	2117
ENSG00000100142	2119
ENSG00000100170	2127
ENSG00000100181	2128
ENSG00000100196	2129
ENSG00000100201	2131
ENSG00000100206	2132
ENSG00000100216	2136
ENSG00000100219	2138
ENSG00000100220	2139
ENSG00000100225	2141
ENSG00000100234	2145
ENSG00000100242	2148
ENSG00000100292	2164
ENSG00000100297	2167
ENSG00000100353	2194
ENSG00000100354	2195
ENSG00000100365	2200
ENSG00000100380	2206
ENSG00000100387	2208
ENSG00000100401	2212
ENSG00000100442	2228
ENSG00000100448	2230
ENSG00000100473	2235
ENSG00000100504	2242
ENSG00000100519	2244
ENSG00000100523	2246
ENSG00000100526	2247
ENSG00000100528	2248
ENSG00000100554	2250
ENSG00000100567	2255
ENSG00000100568	2256
ENSG00000100591	2262
ENSG00000100592	2263
ENSG00000100603	2268
ENSG00000100612	2271
ENSG00000100614	2272
ENSG00000100632	2276
ENSG00000100644	2277
ENSG00000100650	2279
ENSG00000100664	2281
ENSG00000100714	2286
ENSG00000100721	2287
ENSG00000100749	2293
ENSG00000100764	2294
ENSG00000100796	2297
ENSG00000100813	2301
ENSG00000100814	2302
ENSG00000100823	2304
ENSG00000100836	2305
ENSG00000100852	2307
ENSG00000100867	2309
ENSG00000100902	2316
ENSG00000100906	2317
ENSG00000100934	2323
ENSG00000100941	2325
ENSG00000100994	2334
ENSG00000100997	2335
ENSG00000101000	2336
ENSG00000101017	2339
ENSG00000101057	2344
ENSG00000101084	2348
ENSG00000101109	2352
ENSG00000101126	2354
ENSG00000101132	2355
ENSG00000101160	2363
ENSG00000101166	2366
ENSG00000101182	2369
ENSG00000101266	2396
ENSG00000101294	2401
ENSG00000101336	2412
ENSG00000101347	2417
ENSG00000101361	2421
ENSG00000101365	2423
ENSG00000101367	2424
ENSG00000101421	2433
ENSG00000101439	2437
ENSG00000101443	2440
ENSG00000101444	2441
ENSG00000101470	2450
ENSG00000101558	2459
ENSG00000101596	2462
ENSG00000101605	2463
ENSG00000101608	2464
ENSG00000101670	2470
ENSG00000101782	2478
ENSG00000102524	2575
ENSG00000102554	2579
ENSG00000102580	2582
ENSG00000102760	2593
ENSG00000102804	2600
ENSG00000102837	2602
ENSG00000102893	2613
ENSG00000102900	2616
ENSG00000102962	2626
ENSG00000102970	2628
ENSG00000103018	2636
ENSG00000103034	2640
ENSG00000103035	2641
ENSG00000103064	2650
ENSG00000103121	2656
ENSG00000103196	2670
ENSG00000103342	2695
ENSG00000103365	2701
ENSG00000103479	2711
ENSG00000103569	2730
ENSG00000103657	2736
ENSG00000103769	2743
ENSG00000103811	2744
ENSG00000103855	2746
ENSG00000103888	2748
ENSG00000103942	2750
ENSG00000103994	2753
ENSG00000104131	2766
ENSG00000104231	2780
ENSG00000104267	2781
ENSG00000104325	2789
ENSG00000104332	2792
ENSG00000104341	2793
ENSG00000104388	2802
ENSG00000104408	2803
ENSG00000104413	2805
ENSG00000104435	2810
ENSG00000104517	2817
ENSG00000104549	2823
ENSG00000104635	2827
ENSG00000104695	2835
ENSG00000104722	2837
ENSG00000104723	2838
ENSG00000104738	2841
ENSG00000104760	2844
ENSG00000104763	2845
ENSG00000104765	2846
ENSG00000104879	2869
ENSG00000104894	2879
ENSG00000104969	2899
ENSG00000105171	2925
ENSG00000105173	2926
ENSG00000105185	2928
ENSG00000105205	2934
ENSG00000105220	2936
ENSG00000105221	2937
ENSG00000105223	2938
ENSG00000105254	2945
ENSG00000105258	2947
ENSG00000105290	2954
ENSG00000105355	2964
ENSG00000105373	2970
ENSG00000105388	2975
ENSG00000105398	2978
ENSG00000105402	2980
ENSG00000105426	2984
ENSG00000105427	2985
ENSG00000105518	3003
ENSG00000105520	3005
ENSG00000105568	3013
ENSG00000105664	3036
ENSG00000105669	3038
ENSG00000105677	3043
ENSG00000105821	3073
ENSG00000105825	3074
ENSG00000105835	3076
ENSG00000105854	3080
ENSG00000105879	3086
ENSG00000105887	3088
ENSG00000105894	3090
ENSG00000105953	3096
ENSG00000105976	3101
ENSG00000106028	3116
ENSG00000106052	3121
ENSG00000106066	3122
ENSG00000106070	3124
ENSG00000106105	3131
ENSG00000106144	3137
ENSG00000106153	3138
ENSG00000106258	3145
ENSG00000106268	3149
ENSG00000106305	3154
ENSG00000106348	3163
ENSG00000106355	3165
ENSG00000106399	3171
ENSG00000106484	3182
ENSG00000106537	3185
ENSG00000106541	3187
ENSG00000106546	3188
ENSG00000106554	3189
ENSG00000106565	3191
ENSG00000106588	3193
ENSG00000106591	3194
ENSG00000106603	3195
ENSG00000106605	3196
ENSG00000106615	3200
ENSG00000106628	3203
ENSG00000106631	3204
ENSG00000106771	3221
ENSG00000106772	3222
ENSG00000106803	3227
ENSG00000106853	3234
ENSG00000106927	3236
ENSG00000107099	3247
ENSG00000107371	3275
ENSG00000107372	3276
ENSG00000107438	3278
ENSG00000107521	3282
ENSG00000107551	3284
ENSG00000107562	3287
ENSG00000107581	3289
ENSG00000107672	3295
ENSG00000107742	3301
ENSG00000107796	3307
ENSG00000107829	3314
ENSG00000107833	3315
ENSG00000107862	3318
ENSG00000107937	3328
ENSG00000107949	3330
ENSG00000107951	3331
ENSG00000107984	3337
ENSG00000108010	3339
ENSG00000108055	3343
ENSG00000108064	3345
ENSG00000108298	3362
ENSG00000108384	3374
ENSG00000108387	3375
ENSG00000108424	3381
ENSG00000108510	3393
ENSG00000108551	3399
ENSG00000108559	3402
ENSG00000108561	3403
ENSG00000108582	3406
ENSG00000108590	3409
ENSG00000108602	3413
ENSG00000108604	3414
ENSG00000108651	3418
ENSG00000108654	3419
ENSG00000108671	3422
ENSG00000108826	3442
ENSG00000108828	3443
ENSG00000108829	3444
ENSG00000108848	3449
ENSG00000108883	3455
ENSG00000108946	3458
ENSG00000109046	3467
ENSG00000109061	3468
ENSG00000109062	3469
ENSG00000109063	3470
ENSG00000109072	3473
ENSG00000109084	3476
ENSG00000109099	3478
ENSG00000109103	3480
ENSG00000109107	3481
ENSG00000109113	3483
ENSG00000109133	3485
ENSG00000109180	3489
ENSG00000109255	3497
ENSG00000109321	3501
ENSG00000109332	3503
ENSG00000109390	3506
ENSG00000109452	3509
ENSG00000109472	3512
ENSG00000109475	3513
ENSG00000109519	3516
ENSG00000109606	3522
ENSG00000109610	3523
ENSG00000109670	3528
ENSG00000109685	3532
ENSG00000109736	3536
ENSG00000109787	3544
ENSG00000109805	3547
ENSG00000109814	3548
ENSG00000109819	3549
ENSG00000109846	3551
ENSG00000109861	3553
ENSG00000109917	3556
ENSG00000109929	3559
ENSG00000109971	3563
ENSG00000110031	3569
ENSG00000110075	3579
ENSG00000110077	3581
ENSG00000110092	3585
ENSG00000110169	3590
ENSG00000110244	3599
ENSG00000110245	3600
ENSG00000110321	3604
ENSG00000110367	3609
ENSG00000110422	3613
ENSG00000110442	3618
ENSG00000110484	3622
ENSG00000110651	3630
ENSG00000110660	3631
ENSG00000110696	3636
ENSG00000110700	3638
ENSG00000110713	3640
ENSG00000110717	3641
ENSG00000110719	3642
ENSG00000110801	3650
ENSG00000110841	3652
ENSG00000110852	3656
ENSG00000110917	3666
ENSG00000110934	3670
ENSG00000110944	3671
ENSG00000110955	3672
ENSG00000111011	3675
ENSG00000111046	3677
ENSG00000111077	3681
ENSG00000111142	3684
ENSG00000111144	3685
ENSG00000111186	3688
ENSG00000111196	3689
ENSG00000111229	3696
ENSG00000111231	3697
ENSG00000111237	3698
ENSG00000111245	3699
ENSG00000111275	3709
ENSG00000111276	3710
ENSG00000111328	3717
ENSG00000111341	3721
ENSG00000111348	3723
ENSG00000111530	3738
ENSG00000111581	3741
ENSG00000111596	3742
ENSG00000111605	3744
ENSG00000111615	3745
ENSG00000111666	3756
ENSG00000111670	3759
ENSG00000111716	3772
ENSG00000111752	3781
ENSG00000111775	3782
ENSG00000111786	3785
ENSG00000111796	3788
ENSG00000111799	3789
ENSG00000111832	3794
ENSG00000111875	3804
ENSG00000111885	3808
ENSG00000111897	3809
ENSG00000111907	3811
ENSG00000112096	3827
ENSG00000112110	3828
ENSG00000112118	3829
ENSG00000112137	3831
ENSG00000112149	3835
ENSG00000112186	3841
ENSG00000112237	3850
ENSG00000112245	3852
ENSG00000112303	3864
ENSG00000112306	3867
ENSG00000112308	3868
ENSG00000112312	3870
ENSG00000112335	3874
ENSG00000112378	3881
ENSG00000112514	3893
ENSG00000112541	3897
ENSG00000112619	3906
ENSG00000112667	3913
ENSG00000112695	3916
ENSG00000112697	3917
ENSG00000112701	3919
ENSG00000112851	3934
ENSG00000112855	3936
ENSG00000112936	3941
ENSG00000112972	3944
ENSG00000112977	3945
ENSG00000112983	3947
ENSG00000112992	3949
ENSG00000112996	3950
ENSG00000113013	3951
ENSG00000113070	3954
ENSG00000113083	3956
ENSG00000113141	3962
ENSG00000113161	3963
ENSG00000113269	3973
ENSG00000113312	3980
ENSG00000113328	3984
ENSG00000113360	3986
ENSG00000113368	3988
ENSG00000113369	3989
ENSG00000113384	3990
ENSG00000113387	3991
ENSG00000113407	3995
ENSG00000113448	3998
ENSG00000113460	4000
ENSG00000113575	4011
ENSG00000113600	4019
ENSG00000113643	4023
ENSG00000113648	4025
ENSG00000113649	4026
ENSG00000113712	4029
ENSG00000113732	4034
ENSG00000113739	4036
ENSG00000113810	4044
ENSG00000113811	4045
ENSG00000113845	4048
ENSG00000113851	4049
ENSG00000113889	4050
ENSG00000113916	4052
ENSG00000113924	4053
ENSG00000114023	4060
ENSG00000114062	4064
ENSG00000114098	4065
ENSG00000114113	4067
ENSG00000114115	4068
ENSG00000114120	4069
ENSG00000114125	4070
ENSG00000114126	4071
ENSG00000114127	4072
ENSG00000114209	4076
ENSG00000114251	4078
ENSG00000114270	4080
ENSG00000114331	4085
ENSG00000114346	4086
ENSG00000114354	4088
ENSG00000114391	4093
ENSG00000114416	4096
ENSG00000114439	4098
ENSG00000114446	4099
ENSG00000114503	4106
ENSG00000114631	4115
ENSG00000114686	4123
ENSG00000114745	4131
ENSG00000114779	4136
ENSG00000114784	4137
ENSG00000114796	4139
ENSG00000114850	4143
ENSG00000114854	4145
ENSG00000114857	4146
ENSG00000114861	4148
ENSG00000114902	4150
ENSG00000114942	4154
ENSG00000114978	4157
ENSG00000115009	4163
ENSG00000115053	4167
ENSG00000115084	4169
ENSG00000115085	4170
ENSG00000115091	4171
ENSG00000115128	4175
ENSG00000115204	4187
ENSG00000115233	4194
ENSG00000115234	4195
ENSG00000115241	4197
ENSG00000115263	4201
ENSG00000115271	4205
ENSG00000115295	4212
ENSG00000115306	4213
ENSG00000115310	4215
ENSG00000115350	4220
ENSG00000115355	4222
ENSG00000115386	4229
ENSG00000115414	4231
ENSG00000115464	4241
ENSG00000115484	4244
ENSG00000115504	4246
ENSG00000115524	4251
ENSG00000115539	4254
ENSG00000115541	4256
ENSG00000115561	4259
ENSG00000115677	4277
ENSG00000115694	4280
ENSG00000115738	4283
ENSG00000115758	4286
ENSG00000115760	4287
ENSG00000115825	4293
ENSG00000115828	4295
ENSG00000115866	4299
ENSG00000115884	4301
ENSG00000115919	4305
ENSG00000115944	4308
ENSG00000115993	4316
ENSG00000116001	4318
ENSG00000116016	4320
ENSG00000116030	4322
ENSG00000116044	4326
ENSG00000116062	4327
ENSG00000116133	4336
ENSG00000116161	4342
ENSG00000116171	4343
ENSG00000116209	4350
ENSG00000116221	4354
ENSG00000116251	4356
ENSG00000116260	4358
ENSG00000116288	4362
ENSG00000116337	4364
ENSG00000116406	4368
ENSG00000116459	4370
ENSG00000116473	4371
ENSG00000116489	4373
ENSG00000116560	4380
ENSG00000116580	4382
ENSG00000116649	4387
ENSG00000116661	4388
ENSG00000116670	4392
ENSG00000116679	4395
ENSG00000116701	4401
ENSG00000116717	4404
ENSG00000116731	4406
ENSG00000116741	4407
ENSG00000116750	4410
ENSG00000116752	4411
ENSG00000116754	4412
ENSG00000116774	4415
ENSG00000116898	4434
ENSG00000116962	4440
ENSG00000117054	4455
ENSG00000117118	4461
ENSG00000117122	4462
ENSG00000117133	4463
ENSG00000117139	4464
ENSG00000117143	4465
ENSG00000117148	4466
ENSG00000117152	4468
ENSG00000117228	4475
ENSG00000117305	4482
ENSG00000117335	4486
ENSG00000117360	4487
ENSG00000117362	4488
ENSG00000117394	4490
ENSG00000117395	4491
ENSG00000117399	4492
ENSG00000117448	4499
ENSG00000117450	4500
ENSG00000117472	4502
ENSG00000117500	4508
ENSG00000117523	4511
ENSG00000117525	4512
ENSG00000117569	4517
ENSG00000117592	4519
ENSG00000117594	4521
ENSG00000117601	4526
ENSG00000117602	4527
ENSG00000117614	4528
ENSG00000117632	4532
ENSG00000117691	4538
ENSG00000117713	4541
ENSG00000117748	4543
ENSG00000117862	4549
ENSG00000117906	4553
ENSG00000118137	4564
ENSG00000118245	4576
ENSG00000118271	4581
ENSG00000118308	4586
ENSG00000118363	4588
ENSG00000118418	4593
ENSG00000118473	4597
ENSG00000118508	4605
ENSG00000118515	4608
ENSG00000118520	4610
ENSG00000118523	4611
ENSG00000118564	4614
ENSG00000118680	4621
ENSG00000118705	4625
ENSG00000118729	4627
ENSG00000118785	4631
ENSG00000118816	4633
ENSG00000118849	4634
ENSG00000118855	4635
ENSG00000118898	4638
ENSG00000118939	4641
ENSG00000118971	4646
ENSG00000118985	4647
ENSG00000119013	4650
ENSG00000119048	4653
ENSG00000119139	4656
ENSG00000119185	4658
ENSG00000119280	4663
ENSG00000119314	4666
ENSG00000119318	4667
ENSG00000119326	4669
ENSG00000119333	4671
ENSG00000119335	4672
ENSG00000119421	4683
ENSG00000119508	4689
ENSG00000119535	4694
ENSG00000119632	4703
ENSG00000119655	4708
ENSG00000119688	4717
ENSG00000119689	4718
ENSG00000119705	4722
ENSG00000119707	4723
ENSG00000119725	4730
ENSG00000119729	4731
ENSG00000119787	4739
ENSG00000119801	4740
ENSG00000119888	4748
ENSG00000119950	4762
ENSG00000119969	4765
ENSG00000120049	4772
ENSG00000120053	4774
ENSG00000120071	4779
ENSG00000120265	4799
ENSG00000120306	4804
ENSG00000120437	4815
ENSG00000120438	4816
ENSG00000120533	4826
ENSG00000120616	4832
ENSG00000120675	4841
ENSG00000120694	4847
ENSG00000120699	4850
ENSG00000120705	4851
ENSG00000120729	4856
ENSG00000120738	4858
ENSG00000120742	4859
ENSG00000120756	4860
ENSG00000120802	4864
ENSG00000120805	4865
ENSG00000120833	4868
ENSG00000120885	4873
ENSG00000120915	4881
ENSG00000120937	4883
ENSG00000120948	4885
ENSG00000120963	4887
ENSG00000120992	4888
ENSG00000121064	4895
ENSG00000121067	4896
ENSG00000121310	4911
ENSG00000121316	4912
ENSG00000121351	4914
ENSG00000121552	4929
ENSG00000121570	4930
ENSG00000121579	4933
ENSG00000121691	4942
ENSG00000121741	4944
ENSG00000121742	4945
ENSG00000121769	4949
ENSG00000121774	4950
ENSG00000121900	4964
ENSG00000121989	4973
ENSG00000122025	4976
ENSG00000122026	4977
ENSG00000122034	4979
ENSG00000122180	4991
ENSG00000122203	4994
ENSG00000122218	4995
ENSG00000122359	5003
ENSG00000122367	5004
ENSG00000122406	5009
ENSG00000122515	5022
ENSG00000122545	5023
ENSG00000122585	5031
ENSG00000122591	5032
ENSG00000122641	5034
ENSG00000122642	5035
ENSG00000122644	5037
ENSG00000122694	5044
ENSG00000122705	5046
ENSG00000122852	5059
ENSG00000122873	5064
ENSG00000122877	5065
ENSG00000122884	5067
ENSG00000122952	5069
ENSG00000122965	5071
ENSG00000123066	5078
ENSG00000123091	5080
ENSG00000123106	5085
ENSG00000123179	5099
ENSG00000123219	5103
ENSG00000123240	5104
ENSG00000123329	5109
ENSG00000123338	5110
ENSG00000123353	5114
ENSG00000123416	5126
ENSG00000123472	5132
ENSG00000123505	5136
ENSG00000123545	5137
ENSG00000123609	5149
ENSG00000123610	5150
ENSG00000123636	5152
ENSG00000123689	5156
ENSG00000123737	5159
ENSG00000123838	5164
ENSG00000123908	5169
ENSG00000123975	5172
ENSG00000123983	5174
ENSG00000124102	5184
ENSG00000124107	5187
ENSG00000124145	5194
ENSG00000124155	5196
ENSG00000124172	5200
ENSG00000124181	5202
ENSG00000124193	5204
ENSG00000124194	5205
ENSG00000124207	5210
ENSG00000124212	5212
ENSG00000124226	5220
ENSG00000124253	5228
ENSG00000124299	5233
ENSG00000124357	5239
ENSG00000124380	5242
ENSG00000124406	5244
ENSG00000124422	5245
ENSG00000124466	5251
ENSG00000124491	5256
ENSG00000124562	5266
ENSG00000124614	5279
ENSG00000124659	5282
ENSG00000124688	5285
ENSG00000124702	5287
ENSG00000124766	5295
ENSG00000124767	5296
ENSG00000124783	5300
ENSG00000124795	5307
ENSG00000124802	5308
ENSG00000124875	5313
ENSG00000124882	5314
ENSG00000125037	5320
ENSG00000125107	5323
ENSG00000125144	5326
ENSG00000125148	5327
ENSG00000125166	5329
ENSG00000125304	5340
ENSG00000125414	5355
ENSG00000125430	5356
ENSG00000125618	5382
ENSG00000125652	5390
ENSG00000125656	5391
ENSG00000125691	5396
ENSG00000125772	5411
ENSG00000125780	5414
ENSG00000125818	5421
ENSG00000125835	5428
ENSG00000125844	5431
ENSG00000125868	5439
ENSG00000125870	5441
ENSG00000125877	5445
ENSG00000125901	5453
ENSG00000125952	5459
ENSG00000125970	5465
ENSG00000125971	5466
ENSG00000125977	5468
ENSG00000125991	5469
ENSG00000125995	5470
ENSG00000125999	5472
ENSG00000126067	5480
ENSG00000126088	5482
ENSG00000126214	5486
ENSG00000126233	5493
ENSG00000126246	5495
ENSG00000126247	5496
ENSG00000126254	5498
ENSG00000126261	5500
ENSG00000126262	5501
ENSG00000126264	5502
ENSG00000126267	5504
ENSG00000126524	5520
ENSG00000126581	5524
ENSG00000126602	5526
ENSG00000126653	5528
ENSG00000126709	5531
ENSG00000126777	5542
ENSG00000126787	5545
ENSG00000126860	5554
ENSG00000127022	5569
ENSG00000127125	5576
ENSG00000127184	5579
ENSG00000127314	5586
ENSG00000127324	5587
ENSG00000127445	5601
ENSG00000127481	5605
ENSG00000127483	5606
ENSG00000127616	5623
ENSG00000127774	5628
ENSG00000127831	5631
ENSG00000127837	5632
ENSG00000127914	5638
ENSG00000127922	5640
ENSG00000127947	5642
ENSG00000127948	5643
ENSG00000127951	5644
ENSG00000127955	5647
ENSG00000127990	5651
ENSG00000128050	5660
ENSG00000128185	5665
ENSG00000128218	5668
ENSG00000128245	5671
ENSG00000128284	5680
ENSG00000128309	5684
ENSG00000128311	5685
ENSG00000128322	5686
ENSG00000128463	5696
ENSG00000128510	5699
ENSG00000128534	5703
ENSG00000128567	5707
ENSG00000128590	5712
ENSG00000128591	5713
ENSG00000128595	5715
ENSG00000128609	5721
ENSG00000128699	5732
ENSG00000128708	5733
ENSG00000128739	5739
ENSG00000128951	5758
ENSG00000128989	5761
ENSG00000129003	5762
ENSG00000129038	5766
ENSG00000129083	5770
ENSG00000129084	5771
ENSG00000129103	5772
ENSG00000129116	5773
ENSG00000129128	5774
ENSG00000129170	5780
ENSG00000129235	5790
ENSG00000129315	5797
ENSG00000129422	5804
ENSG00000129460	5809
ENSG00000129515	5819
ENSG00000129518	5820
ENSG00000129538	5824
ENSG00000129596	5829
ENSG00000129625	5830
ENSG00000129657	5834
ENSG00000129757	5844
ENSG00000129988	5856
ENSG00000130164	5878
ENSG00000130165	5879
ENSG00000130176	5883
ENSG00000130203	5887
ENSG00000130204	5888
ENSG00000130208	5889
ENSG00000130227	5893
ENSG00000130254	5896
ENSG00000130255	5897
ENSG00000130294	5900
ENSG00000130309	5907
ENSG00000130338	5912
ENSG00000130396	5920
ENSG00000130414	5923
ENSG00000130479	5930
ENSG00000130559	5945
ENSG00000130560	5946
ENSG00000130638	5956
ENSG00000130649	5959
ENSG00000130707	5972
ENSG00000130724	5977
ENSG00000130725	5978
ENSG00000130726	5979
ENSG00000130770	5993
ENSG00000130775	5995
ENSG00000130779	5996
ENSG00000130810	6000
ENSG00000130811	6001
ENSG00000130844	6012
ENSG00000131016	6032
ENSG00000131018	6033
ENSG00000131051	6040
ENSG00000131069	6045
ENSG00000131100	6052
ENSG00000131143	6058
ENSG00000131203	6069
ENSG00000131236	6071
ENSG00000131238	6072
ENSG00000131370	6080
ENSG00000131378	6084
ENSG00000131386	6087
ENSG00000131389	6088
ENSG00000131446	6096
ENSG00000131459	6097
ENSG00000131467	6099
ENSG00000131469	6100
ENSG00000131473	6103
ENSG00000131503	6109
ENSG00000131507	6111
ENSG00000131558	6113
ENSG00000131730	6130
ENSG00000131871	6152
ENSG00000131876	6154
ENSG00000131914	6157
ENSG00000131966	6163
ENSG00000131979	6165
ENSG00000131981	6166
ENSG00000132002	6168
ENSG00000132155	6183
ENSG00000132199	6189
ENSG00000132274	6194
ENSG00000132300	6198
ENSG00000132329	6204
ENSG00000132334	6206
ENSG00000132341	6207
ENSG00000132356	6208
ENSG00000132383	6214
ENSG00000132388	6216
ENSG00000132424	6221
ENSG00000132432	6223
ENSG00000132437	6226
ENSG00000132463	6228
ENSG00000132465	6229
ENSG00000132485	6236
ENSG00000132530	6242
ENSG00000132639	6262
ENSG00000132646	6264
ENSG00000132661	6265
ENSG00000132676	6269
ENSG00000132693	6275
ENSG00000132703	6279
ENSG00000132716	6281
ENSG00000132780	6290
ENSG00000132823	6297
ENSG00000132824	6298
ENSG00000132872	6307
ENSG00000132963	6318
ENSG00000132965	6320
ENSG00000132967	6321
ENSG00000133026	6326
ENSG00000133048	6330
ENSG00000133055	6331
ENSG00000133106	6341
ENSG00000133110	6343
ENSG00000133112	6345
ENSG00000133226	6360
ENSG00000133256	6365
ENSG00000133318	6373
ENSG00000133321	6374
ENSG00000133392	6376
ENSG00000133398	6378
ENSG00000133422	6380
ENSG00000133606	6393
ENSG00000133657	6402
ENSG00000133661	6403
ENSG00000133706	6409
ENSG00000133710	6410
ENSG00000133742	6414
ENSG00000133773	6415
ENSG00000133800	6418
ENSG00000133812	6420
ENSG00000133818	6422
ENSG00000133835	6423
ENSG00000133858	6424
ENSG00000133943	6433
ENSG00000133961	6435
ENSG00000133983	6436
ENSG00000134001	6439
ENSG00000134046	6447
ENSG00000134057	6450
ENSG00000134058	6451
ENSG00000134072	6454
ENSG00000134109	6459
ENSG00000134153	6464
ENSG00000134184	6465
ENSG00000134186	6466
ENSG00000134193	6467
ENSG00000134202	6471
ENSG00000134240	6476
ENSG00000134243	6478
ENSG00000134248	6481
ENSG00000134291	6494
ENSG00000134294	6495
ENSG00000134324	6503
ENSG00000134330	6505
ENSG00000134339	6507
ENSG00000134363	6510
ENSG00000134375	6514
ENSG00000134398	6516
ENSG00000134419	6517
ENSG00000134440	6518
ENSG00000134480	6527
ENSG00000134531	6532
ENSG00000134571	6539
ENSG00000134574	6540
ENSG00000134686	6552
ENSG00000134744	6559
ENSG00000134755	6561
ENSG00000134757	6562
ENSG00000134758	6563
ENSG00000134759	6564
ENSG00000134762	6566
ENSG00000134779	6570
ENSG00000134812	6574
ENSG00000134851	6581
ENSG00000134853	6583
ENSG00000134884	6589
ENSG00000134900	6591
ENSG00000134910	6595
ENSG00000134970	6601
ENSG00000134986	6603
ENSG00000134996	6605
ENSG00000135002	6606
ENSG00000135046	6610
ENSG00000135047	6611
ENSG00000135048	6612
ENSG00000135052	6614
ENSG00000135069	6616
ENSG00000135114	6628
ENSG00000135164	6634
ENSG00000135218	6638
ENSG00000135316	6654
ENSG00000135317	6655
ENSG00000135318	6656
ENSG00000135334	6659
ENSG00000135373	6668
ENSG00000135387	6671
ENSG00000135390	6672
ENSG00000135404	6674
ENSG00000135424	6680
ENSG00000135441	6685
ENSG00000135473	6694
ENSG00000135535	6705
ENSG00000135541	6708
ENSG00000135624	6718
ENSG00000135677	6727
ENSG00000135678	6728
ENSG00000135679	6729
ENSG00000135698	6731
ENSG00000135720	6734
ENSG00000135744	6739
ENSG00000135766	6743
ENSG00000135776	6746
ENSG00000135821	6749
ENSG00000135829	6753
ENSG00000135842	6757
ENSG00000135862	6759
ENSG00000135899	6762
ENSG00000135919	6771
ENSG00000135931	6777
ENSG00000135940	6779
ENSG00000135968	6786
ENSG00000135976	6789
ENSG00000136003	6792
ENSG00000136026	6797
ENSG00000136045	6800
ENSG00000136048	6801
ENSG00000136104	6809
ENSG00000136147	6819
ENSG00000136153	6822
ENSG00000136155	6823
ENSG00000136156	6824
ENSG00000136169	6830
ENSG00000136231	6836
ENSG00000136235	6837
ENSG00000136238	6839
ENSG00000136261	6845
ENSG00000136436	6868
ENSG00000136450	6872
ENSG00000136490	6880
ENSG00000136504	6882
ENSG00000136518	6884
ENSG00000136521	6885
ENSG00000136527	6887
ENSG00000136536	6890
ENSG00000136628	6898
ENSG00000136682	6904
ENSG00000136689	6906
ENSG00000136717	6916
ENSG00000136718	6917
ENSG00000136732	6920
ENSG00000136750	6922
ENSG00000136758	6924
ENSG00000136810	6929
ENSG00000136813	6931
ENSG00000136867	6947
ENSG00000136872	6951
ENSG00000136883	6957
ENSG00000136888	6958
ENSG00000136942	6976
ENSG00000136943	6977
ENSG00000136950	6979
ENSG00000136999	6984
ENSG00000137033	6985
ENSG00000137077	6995
ENSG00000137106	7003
ENSG00000137154	7009
ENSG00000137161	7010
ENSG00000137207	7021
ENSG00000137210	7022
ENSG00000137267	7031
ENSG00000137392	7046
ENSG00000137440	7054
ENSG00000137441	7055
ENSG00000137462	7058
ENSG00000137491	7064
ENSG00000137496	7067
ENSG00000137497	7068
ENSG00000137509	7074
ENSG00000137547	7077
ENSG00000137563	7080
ENSG00000137573	7082
ENSG00000137575	7084
ENSG00000137692	7094
ENSG00000137693	7095
ENSG00000137699	7096
ENSG00000137707	7098
ENSG00000137710	7100
ENSG00000137731	7106
ENSG00000137766	7112
ENSG00000137767	7113
ENSG00000137776	7115
ENSG00000137801	7116
ENSG00000137804	7118
ENSG00000137815	7124
ENSG00000137818	7126
ENSG00000137845	7137
ENSG00000137875	7144
ENSG00000137876	7145
ENSG00000137880	7147
ENSG00000137955	7154
ENSG00000137959	7155
ENSG00000137965	7158
ENSG00000137970	7160
ENSG00000138029	7167
ENSG00000138069	7176
ENSG00000138071	7177
ENSG00000138085	7186
ENSG00000138095	7188
ENSG00000138107	7191
ENSG00000138161	7203
ENSG00000138162	7204
ENSG00000138207	7213
ENSG00000138279	7217
ENSG00000138326	7224
ENSG00000138347	7226
ENSG00000138356	7227
ENSG00000138363	7228
ENSG00000138382	7234
ENSG00000138385	7235
ENSG00000138398	7238
ENSG00000138413	7242
ENSG00000138430	7243
ENSG00000138433	7244
ENSG00000138434	7245
ENSG00000138442	7248
ENSG00000138448	7250
ENSG00000138449	7251
ENSG00000138468	7254
ENSG00000138495	7257
ENSG00000138593	7261
ENSG00000138600	7263
ENSG00000138640	7275
ENSG00000138641	7276
ENSG00000138668	7283
ENSG00000138674	7286
ENSG00000138688	7291
ENSG00000138698	7293
ENSG00000138722	7295
ENSG00000138735	7296
ENSG00000138744	7299
ENSG00000138755	7301
ENSG00000138757	7303
ENSG00000138758	7304
ENSG00000138760	7306
ENSG00000138767	7308
ENSG00000138768	7309
ENSG00000138772	7312
ENSG00000138777	7313
ENSG00000138814	7325
ENSG00000138821	7326
ENSG00000138964	7335
ENSG00000139112	7339
ENSG00000139146	7346
ENSG00000139163	7350
ENSG00000139168	7351
ENSG00000139180	7355
ENSG00000139218	7366
ENSG00000139219	7367
ENSG00000139278	7374
ENSG00000139289	7375
ENSG00000139318	7378
ENSG00000139329	7381
ENSG00000139343	7382
ENSG00000139433	7394
ENSG00000139540	7407
ENSG00000139644	7427
ENSG00000139679	7433
ENSG00000139684	7434
ENSG00000139921	7462
ENSG00000139926	7463
ENSG00000139970	7465
ENSG00000140092	7483
ENSG00000140105	7486
ENSG00000140262	7493
ENSG00000140263	7494
ENSG00000140264	7495
ENSG00000140285	7501
ENSG00000140287	7502
ENSG00000140297	7503
ENSG00000140299	7504
ENSG00000140307	7505
ENSG00000140319	7506
ENSG00000140350	7511
ENSG00000140365	7512
ENSG00000140367	7513
ENSG00000140374	7515
ENSG00000140379	7516
ENSG00000140386	7518
ENSG00000140391	7519
ENSG00000140398	7522
ENSG00000140400	7523
ENSG00000140416	7526
ENSG00000140519	7545
ENSG00000140525	7548
ENSG00000140545	7554
ENSG00000140575	7559
ENSG00000140612	7563
ENSG00000140678	7568
ENSG00000140682	7569
ENSG00000140740	7574
ENSG00000140749	7576
ENSG00000140859	7589
ENSG00000140905	7592
ENSG00000140931	7593
ENSG00000140932	7594
ENSG00000140937	7595
ENSG00000140941	7597
ENSG00000140943	7598
ENSG00000140945	7599
ENSG00000141027	7616
ENSG00000141030	7618
ENSG00000141279	7639
ENSG00000141338	7647
ENSG00000141367	7649
ENSG00000141378	7652
ENSG00000141380	7653
ENSG00000141401	7657
ENSG00000141424	7659
ENSG00000141429	7662
ENSG00000141452	7672
ENSG00000141458	7674
ENSG00000141480	7676
ENSG00000141510	7684
ENSG00000141543	7692
ENSG00000141646	7713
ENSG00000141759	7729
ENSG00000141873	7734
ENSG00000142168	7756
ENSG00000142192	7762
ENSG00000142327	7775
ENSG00000142515	7790
ENSG00000142583	7800
ENSG00000142599	7801
ENSG00000142615	7805
ENSG00000142634	7811
ENSG00000142657	7813
ENSG00000142669	7815
ENSG00000142687	7820
ENSG00000142694	7821
ENSG00000142864	7833
ENSG00000142867	7834
ENSG00000142875	7836
ENSG00000142910	7838
ENSG00000142949	7842
ENSG00000142973	7845
ENSG00000143013	7848
ENSG00000143106	7857
ENSG00000143110	7858
ENSG00000143119	7859
ENSG00000143153	7865
ENSG00000143158	7869
ENSG00000143164	7871
ENSG00000143167	7872
ENSG00000143183	7876
ENSG00000143185	7878
ENSG00000143196	7882
ENSG00000143198	7883
ENSG00000143248	7891
ENSG00000143252	7892
ENSG00000143318	7902
ENSG00000143369	7918
ENSG00000143384	7925
ENSG00000143387	7926
ENSG00000143401	7930
ENSG00000143416	7933
ENSG00000143418	7934
ENSG00000143420	7935
ENSG00000143436	7937
ENSG00000143443	7940
ENSG00000143536	7960
ENSG00000143543	7962
ENSG00000143545	7963
ENSG00000143546	7964
ENSG00000143549	7965
ENSG00000143556	7969
ENSG00000143569	7970
ENSG00000143570	7971
ENSG00000143575	7972
ENSG00000143612	7976
ENSG00000143621	7978
ENSG00000143632	7984
ENSG00000143641	7986
ENSG00000143727	7992
ENSG00000143742	7994
ENSG00000143753	7997
ENSG00000143771	8001
ENSG00000143797	8007
ENSG00000143799	8008
ENSG00000143811	8010
ENSG00000143815	8011
ENSG00000143819	8013
ENSG00000143870	8024
ENSG00000143878	8025
ENSG00000143933	8032
ENSG00000143947	8034
ENSG00000143954	8036
ENSG00000143977	8039
ENSG00000143995	8041
ENSG00000144028	8044
ENSG00000144034	8047
ENSG00000144057	8054
ENSG00000144063	8056
ENSG00000144136	8063
ENSG00000144224	8071
ENSG00000144354	8084
ENSG00000144381	8090
ENSG00000144426	8096
ENSG00000144485	8104
ENSG00000144580	8116
ENSG00000144674	8133
ENSG00000144713	8138
ENSG00000144746	8144
ENSG00000144802	8150
ENSG00000144834	8156
ENSG00000144848	8161
ENSG00000144867	8164
ENSG00000144895	8167
ENSG00000145012	8173
ENSG00000145050	8181
ENSG00000145088	8184
ENSG00000145192	8189
ENSG00000145220	8195
ENSG00000145247	8200
ENSG00000145287	8204
ENSG00000145321	8207
ENSG00000145335	8210
ENSG00000145349	8212
ENSG00000145354	8213
ENSG00000145362	8215
ENSG00000145386	8219
ENSG00000145390	8221
ENSG00000145423	8225
ENSG00000145425	8226
ENSG00000145494	8232
ENSG00000145495	8233
ENSG00000145592	8240
ENSG00000145604	8241
ENSG00000145632	8244
ENSG00000145649	8245
ENSG00000145675	8246
ENSG00000145681	8247
ENSG00000145687	8249
ENSG00000145730	8258
ENSG00000145741	8261
ENSG00000145782	8268
ENSG00000145824	8273
ENSG00000145907	8286
ENSG00000145919	8291
ENSG00000146066	8310
ENSG00000146147	8322
ENSG00000146223	8330
ENSG00000146242	8333
ENSG00000146278	8339
ENSG00000146386	8349
ENSG00000146425	8355
ENSG00000146457	8359
ENSG00000146574	8370
ENSG00000146674	8376
ENSG00000146701	8381
ENSG00000146729	8384
ENSG00000146731	8385
ENSG00000147416	8463
ENSG00000147419	8464
ENSG00000147465	8472
ENSG00000147535	8480
ENSG00000147548	8482
ENSG00000147586	8487
ENSG00000147601	8490
ENSG00000147604	8491
ENSG00000147606	8492
ENSG00000147649	8496
ENSG00000147669	8500
ENSG00000147676	8501
ENSG00000147677	8502
ENSG00000147684	8504
ENSG00000147789	8509
ENSG00000147853	8514
ENSG00000147872	8517
ENSG00000147996	8525
ENSG00000148120	8532
ENSG00000148154	8536
ENSG00000148229	8547
ENSG00000148444	8579
ENSG00000148484	8586
ENSG00000148516	8589
ENSG00000148634	8597
ENSG00000148671	8600
ENSG00000148672	8601
ENSG00000148677	8602
ENSG00000148688	8604
ENSG00000148700	8606
ENSG00000148795	8614
ENSG00000148798	8615
ENSG00000148834	8621
ENSG00000148908	8628
ENSG00000148926	8630
ENSG00000148950	8635
ENSG00000148965	8636
ENSG00000149021	8639
ENSG00000149084	8642
ENSG00000149100	8646
ENSG00000149131	8649
ENSG00000149136	8650
ENSG00000149257	8663
ENSG00000149294	8670
ENSG00000149311	8674
ENSG00000149357	8678
ENSG00000149476	8688
ENSG00000149507	8697
ENSG00000149547	8704
ENSG00000149554	8706
ENSG00000149557	8707
ENSG00000149591	8714
ENSG00000149948	8748
ENSG00000150093	8755
ENSG00000150316	8760
ENSG00000150459	8771
ENSG00000150540	8776
ENSG00000150593	8779
ENSG00000150625	8781
ENSG00000150687	8792
ENSG00000150753	8796
ENSG00000150779	8803
ENSG00000150782	8804
ENSG00000150787	8806
ENSG00000150938	8810
ENSG00000150991	8815
ENSG00000150995	8816
ENSG00000151012	8819
ENSG00000151150	8835
ENSG00000151239	8843
ENSG00000151247	8845
ENSG00000151327	8852
ENSG00000151366	8859
ENSG00000151465	8869
ENSG00000151474	8873
ENSG00000151491	8876
ENSG00000151500	8878
ENSG00000151632	8892
ENSG00000151640	8893
ENSG00000151655	8896
ENSG00000151725	8909
ENSG00000151729	8911
ENSG00000151914	8932
ENSG00000151923	8934
ENSG00000152061	8942
ENSG00000152082	8945
ENSG00000152137	8954
ENSG00000152234	8966
ENSG00000152291	8974
ENSG00000152348	8978
ENSG00000152377	8980
ENSG00000152492	8999
ENSG00000152520	9003
ENSG00000152556	9005
ENSG00000152583	9010
ENSG00000152661	9015
ENSG00000152689	9020
ENSG00000152700	9021
ENSG00000152760	9024
ENSG00000152767	9027
ENSG00000152795	9033
ENSG00000152818	9035
ENSG00000152952	9047
ENSG00000153002	9053
ENSG00000153037	9058
ENSG00000153048	9061
ENSG00000153113	9069
ENSG00000153130	9070
ENSG00000153140	9072
ENSG00000153179	9077
ENSG00000153187	9078
ENSG00000153234	9084
ENSG00000153283	9089
ENSG00000153395	9100
ENSG00000153827	9131
ENSG00000153914	9139
ENSG00000153922	9140
ENSG00000154144	9170
ENSG00000154175	9175
ENSG00000154262	9185
ENSG00000154265	9187
ENSG00000154277	9190
ENSG00000154330	9197
ENSG00000154358	9199
ENSG00000154380	9202
ENSG00000154451	9207
ENSG00000154473	9208
ENSG00000154518	9212
ENSG00000154553	9214
ENSG00000154582	9216
ENSG00000154723	9231
ENSG00000154734	9233
ENSG00000154845	9246
ENSG00000155090	9269
ENSG00000155096	9271
ENSG00000155115	9276
ENSG00000155307	9288
ENSG00000155366	9294
ENSG00000155368	9296
ENSG00000155380	9297
ENSG00000155438	9299
ENSG00000155463	9300
ENSG00000155465	9301
ENSG00000155506	9303
ENSG00000155508	9304
ENSG00000155657	9314
ENSG00000155660	9316
ENSG00000155850	9333
ENSG00000155876	9337
ENSG00000155957	9346
ENSG00000156030	9359
ENSG00000156096	9365
ENSG00000156110	9367
ENSG00000156113	9368
ENSG00000156136	9370
ENSG00000156234	9381
ENSG00000156261	9385
ENSG00000156265	9386
ENSG00000156273	9388
ENSG00000156411	9400
ENSG00000156467	9406
ENSG00000156471	9408
ENSG00000156482	9410
ENSG00000156508	9415
ENSG00000156515	9418
ENSG00000156603	9425
ENSG00000156642	9427
ENSG00000156738	9437
ENSG00000156804	9441
ENSG00000156885	9450
ENSG00000156928	9453
ENSG00000156966	9457
ENSG00000156970	9459
ENSG00000156976	9461
ENSG00000157005	9464
ENSG00000157020	9467
ENSG00000157106	9477
ENSG00000157191	9488
ENSG00000157214	9491
ENSG00000157456	9517
ENSG00000157483	9519
ENSG00000157557	9529
ENSG00000157601	9534
ENSG00000157765	9546
ENSG00000157766	9547
ENSG00000157851	9556
ENSG00000157978	9570
ENSG00000158122	9591
ENSG00000158201	9601
ENSG00000158481	9629
ENSG00000158516	9632
ENSG00000158517	9633
ENSG00000158604	9644
ENSG00000158669	9649
ENSG00000158710	9651
ENSG00000158714	9653
ENSG00000158715	9654
ENSG00000158716	9655
ENSG00000158747	9658
ENSG00000158769	9660
ENSG00000158773	9661
ENSG00000158825	9671
ENSG00000158828	9672
ENSG00000158864	9677
ENSG00000158874	9680
ENSG00000158887	9682
ENSG00000159023	9687
ENSG00000159111	9695
ENSG00000159131	9697
ENSG00000159140	9698
ENSG00000159189	9707
ENSG00000159199	9709
ENSG00000159228	9718
ENSG00000159247	9720
ENSG00000159251	9722
ENSG00000159346	9735
ENSG00000159348	9736
ENSG00000159352	9737
ENSG00000159363	9738
ENSG00000159377	9740
ENSG00000159388	9742
ENSG00000159455	9749
ENSG00000159461	9751
ENSG00000159516	9754
ENSG00000159592	9759
ENSG00000159593	9760
ENSG00000159640	9764
ENSG00000160097	9809
ENSG00000160124	9813
ENSG00000160145	9815
ENSG00000160200	9830
ENSG00000160209	9833
ENSG00000160285	9847
ENSG00000160307	9853
ENSG00000160310	9854
ENSG00000160505	9878
ENSG00000160613	9888
ENSG00000160633	9889
ENSG00000160710	9899
ENSG00000160714	9901
ENSG00000160752	9905
ENSG00000160808	9918
ENSG00000160862	9923
ENSG00000160868	9925
ENSG00000160870	9926
ENSG00000160882	9928
ENSG00000160932	9934
ENSG00000161016	9951
ENSG00000161055	9957
ENSG00000161057	9958
ENSG00000161203	9965
ENSG00000161249	9969
ENSG00000161265	9970
ENSG00000161281	9974
ENSG00000161671	10004
ENSG00000161921	10025
ENSG00000161970	10033
ENSG00000162144	10058
ENSG00000162267	10070
ENSG00000162368	10079
ENSG00000162385	10086
ENSG00000162391	10088
ENSG00000162407	10093
ENSG00000162433	10101
ENSG00000162438	10104
ENSG00000162458	10107
ENSG00000162521	10118
ENSG00000162545	10123
ENSG00000162551	10124
ENSG00000162607	10138
ENSG00000162613	10139
ENSG00000162614	10140
ENSG00000162639	10149
ENSG00000162645	10153
ENSG00000162654	10155
ENSG00000162692	10162
ENSG00000162704	10167
ENSG00000162734	10175
ENSG00000162736	10177
ENSG00000162772	10188
ENSG00000162777	10190
ENSG00000162819	10198
ENSG00000162894	10214
ENSG00000162896	10215
ENSG00000162923	10220
ENSG00000162961	10231
ENSG00000163017	10249
ENSG00000163050	10255
ENSG00000163092	10265
ENSG00000163110	10270
ENSG00000163131	10275
ENSG00000163156	10282
ENSG00000163162	10286
ENSG00000163170	10288
ENSG00000163191	10290
ENSG00000163202	10291
ENSG00000163207	10293
ENSG00000163209	10294
ENSG00000163216	10296
ENSG00000163220	10300
ENSG00000163221	10301
ENSG00000163319	10316
ENSG00000163347	10323
ENSG00000163374	10331
ENSG00000163399	10341
ENSG00000163430	10347
ENSG00000163431	10348
ENSG00000163466	10357
ENSG00000163468	10359
ENSG00000163499	10367
ENSG00000163527	10379
ENSG00000163539	10386
ENSG00000163541	10387
ENSG00000163563	10390
ENSG00000163565	10392
ENSG00000163568	10393
ENSG00000163584	10397
ENSG00000163586	10398
ENSG00000163605	10404
ENSG00000163618	10409
ENSG00000163629	10414
ENSG00000163631	10416
ENSG00000163634	10418
ENSG00000163635	10419
ENSG00000163636	10420
ENSG00000163655	10425
ENSG00000163659	10426
ENSG00000163660	10427
ENSG00000163681	10431
ENSG00000163682	10432
ENSG00000163683	10433
ENSG00000163714	10446
ENSG00000163734	10449
ENSG00000163735	10450
ENSG00000163736	10451
ENSG00000163739	10454
ENSG00000163751	10458
ENSG00000163754	10459
ENSG00000163785	10463
ENSG00000163811	10475
ENSG00000163874	10495
ENSG00000163875	10496
ENSG00000163902	10505
ENSG00000163918	10509
ENSG00000163923	10510
ENSG00000163930	10511
ENSG00000163931	10512
ENSG00000163938	10516
ENSG00000163956	10522
ENSG00000164024	10538
ENSG00000164040	10544
ENSG00000164050	10548
ENSG00000164054	10551
ENSG00000164062	10554
ENSG00000164081	10564
ENSG00000164104	10575
ENSG00000164109	10579
ENSG00000164111	10580
ENSG00000164120	10587
ENSG00000164122	10588
ENSG00000164125	10591
ENSG00000164161	10599
ENSG00000164163	10601
ENSG00000164167	10603
ENSG00000164176	10608
ENSG00000164199	10617
ENSG00000164253	10629
ENSG00000164258	10631
ENSG00000164266	10633
ENSG00000164283	10634
ENSG00000164292	10637
ENSG00000164294	10638
ENSG00000164309	10648
ENSG00000164326	10652
ENSG00000164327	10653
ENSG00000164329	10654
ENSG00000164346	10662
ENSG00000164404	10670
ENSG00000164405	10671
ENSG00000164434	10677
ENSG00000164442	10680
ENSG00000164466	10683
ENSG00000164543	10695
ENSG00000164548	10696
ENSG00000164611	10709
ENSG00000164647	10717
ENSG00000164649	10718
ENSG00000164687	10727
ENSG00000164692	10730
ENSG00000164713	10734
ENSG00000164741	10739
ENSG00000164754	10746
ENSG00000164756	10747
ENSG00000164758	10748
ENSG00000164761	10749
ENSG00000164776	10751
ENSG00000164830	10763
ENSG00000164879	10771
ENSG00000164902	10779
ENSG00000164904	10780
ENSG00000164919	10782
ENSG00000164924	10784
ENSG00000164932	10787
ENSG00000164934	10789
ENSG00000164941	10791
ENSG00000164949	10794
ENSG00000164985	10805
ENSG00000165092	10823
ENSG00000165119	10830
ENSG00000165140	10837
ENSG00000165238	10858
ENSG00000165264	10862
ENSG00000165272	10865
ENSG00000165280	10867
ENSG00000165283	10869
ENSG00000165409	10888
ENSG00000165410	10889
ENSG00000165458	10897
ENSG00000165474	10899
ENSG00000165476	10901
ENSG00000165502	10910
ENSG00000165507	10912
ENSG00000165525	10917
ENSG00000165588	10929
ENSG00000165609	10931
ENSG00000165629	10934
ENSG00000165637	10938
ENSG00000165672	10948
ENSG00000165678	10950
ENSG00000165699	10958
ENSG00000165702	10959
ENSG00000165732	10966
ENSG00000165792	10972
ENSG00000165795	10974
ENSG00000165799	10975
ENSG00000165887	10996
ENSG00000165915	11003
ENSG00000165916	11004
ENSG00000165949	11011
ENSG00000166012	11025
ENSG00000166033	11029
ENSG00000166136	11049
ENSG00000166165	11058
ENSG00000166197	11070
ENSG00000166200	11072
ENSG00000166226	11078
ENSG00000166228	11079
ENSG00000166233	11080
ENSG00000166266	11088
ENSG00000166295	11095
ENSG00000166333	11103
ENSG00000166337	11104
ENSG00000166340	11105
ENSG00000166347	11109
ENSG00000166394	11116
ENSG00000166396	11117
ENSG00000166411	11123
ENSG00000166426	11125
ENSG00000166428	11126
ENSG00000166441	11131
ENSG00000166444	11132
ENSG00000166482	11145
ENSG00000166503	11149
ENSG00000166523	11153
ENSG00000166535	11158
ENSG00000166557	11160
ENSG00000166562	11161
ENSG00000166598	11170
ENSG00000166619	11171
ENSG00000166669	11173
ENSG00000166710	11181
ENSG00000166734	11183
ENSG00000166741	11184
ENSG00000166794	11194
ENSG00000166797	11196
ENSG00000166803	11199
ENSG00000166819	11202
ENSG00000166848	11214
ENSG00000166851	11215
ENSG00000166902	11231
ENSG00000166913	11234
ENSG00000166920	11236
ENSG00000166922	11237
ENSG00000166927	11242
ENSG00000166946	11246
ENSG00000166947	11247
ENSG00000166974	11255
ENSG00000166986	11258
ENSG00000167004	11261
ENSG00000167005	11262
ENSG00000167034	11264
ENSG00000167088	11273
ENSG00000167232	11306
ENSG00000167244	11307
ENSG00000167283	11315
ENSG00000167315	11321
ENSG00000167325	11323
ENSG00000167460	11341
ENSG00000167588	11374
ENSG00000167601	11377
ENSG00000167604	11378
ENSG00000167641	11389
ENSG00000167656	11396
ENSG00000167747	11422
ENSG00000167748	11423
ENSG00000167751	11425
ENSG00000167757	11428
ENSG00000167775	11437
ENSG00000167779	11439
ENSG00000167986	11483
ENSG00000168010	11494
ENSG00000168028	11498
ENSG00000168036	11500
ENSG00000168092	11517
ENSG00000168137	11524
ENSG00000168175	11530
ENSG00000168214	11532
ENSG00000168268	11545
ENSG00000168275	11548
ENSG00000168280	11549
ENSG00000168283	11551
ENSG00000168288	11553
ENSG00000168291	11554
ENSG00000168300	11556
ENSG00000168333	11564
ENSG00000168374	11568
ENSG00000168385	11569
ENSG00000168394	11573
ENSG00000168488	11594
ENSG00000168502	11600
ENSG00000168528	11604
ENSG00000168530	11605
ENSG00000168542	11608
ENSG00000168575	11614
ENSG00000168615	11620
ENSG00000168653	11625
ENSG00000168743	11639
ENSG00000168781	11651
ENSG00000168824	11662
ENSG00000168925	11687
ENSG00000168928	11688
ENSG00000168938	11690
ENSG00000168958	11695
ENSG00000168961	11696
ENSG00000169045	11710
ENSG00000169116	11724
ENSG00000169139	11731
ENSG00000169180	11736
ENSG00000169228	11750
ENSG00000169230	11751
ENSG00000169245	11756
ENSG00000169246	11757
ENSG00000169271	11764
ENSG00000169347	11776
ENSG00000169385	11782
ENSG00000169439	11794
ENSG00000169469	11797
ENSG00000169474	11798
ENSG00000169504	11801
ENSG00000169509	11804
ENSG00000169567	11811
ENSG00000169604	11818
ENSG00000169679	11828
ENSG00000169710	11835
ENSG00000169714	11836
ENSG00000169715	11837
ENSG00000169756	11847
ENSG00000169764	11850
ENSG00000169783	11851
ENSG00000169813	11852
ENSG00000169851	11855
ENSG00000169877	11863
ENSG00000169905	11873
ENSG00000169976	11889
ENSG00000169994	11894
ENSG00000170017	11898
ENSG00000170035	11900
ENSG00000170091	11909
ENSG00000170099	11910
ENSG00000170142	11913
ENSG00000170144	11914
ENSG00000170231	11926
ENSG00000170248	11930
ENSG00000170275	11938
ENSG00000170290	11940
ENSG00000170310	11945
ENSG00000170312	11946
ENSG00000170323	11949
ENSG00000170340	11951
ENSG00000170348	11953
ENSG00000170423	11968
ENSG00000170465	11980
ENSG00000170477	11986
ENSG00000170525	11997
ENSG00000170540	11999
ENSG00000170558	12003
ENSG00000170571	12005
ENSG00000170581	12008
ENSG00000170606	12011
ENSG00000170627	12016
ENSG00000170633	12020
ENSG00000170759	12035
ENSG00000170791	12042
ENSG00000170807	12045
ENSG00000170890	12062
ENSG00000170899	12066
ENSG00000170955	12080
ENSG00000171033	12088
ENSG00000171055	12092
ENSG00000171130	12107
ENSG00000171204	12124
ENSG00000171222	12129
ENSG00000171314	12147
ENSG00000171346	12151
ENSG00000171401	12157
ENSG00000171421	12159
ENSG00000171431	12162
ENSG00000171453	12169
ENSG00000171476	12176
ENSG00000171490	12178
ENSG00000171522	12186
ENSG00000171530	12187
ENSG00000171552	12192
ENSG00000171557	12193
ENSG00000171560	12194
ENSG00000171564	12195
ENSG00000171566	12196
ENSG00000171603	12201
ENSG00000171617	12207
ENSG00000171724	12223
ENSG00000171735	12225
ENSG00000171759	12228
ENSG00000171766	12230
ENSG00000171777	12232
ENSG00000171819	12245
ENSG00000171843	12250
ENSG00000171848	12252
ENSG00000171862	12257
ENSG00000171863	12258
ENSG00000171867	12261
ENSG00000171872	12262
ENSG00000171951	12274
ENSG00000171960	12277
ENSG00000171988	12281
ENSG00000172005	12284
ENSG00000172009	12287
ENSG00000172016	12288
ENSG00000172020	12289
ENSG00000172023	12290
ENSG00000172037	12292
ENSG00000172053	12294
ENSG00000172057	12295
ENSG00000172115	12303
ENSG00000172116	12304
ENSG00000172172	12314
ENSG00000172175	12315
ENSG00000172183	12317
ENSG00000172239	12326
ENSG00000172243	12327
ENSG00000172301	12339
ENSG00000172322	12342
ENSG00000172399	12359
ENSG00000172403	12360
ENSG00000172428	12365
ENSG00000172775	12420
ENSG00000172795	12425
ENSG00000172809	12427
ENSG00000172893	12443
ENSG00000172915	12445
ENSG00000172922	12446
ENSG00000172995	12462
ENSG00000173120	12478
ENSG00000173156	12483
ENSG00000173163	12484
ENSG00000173166	12485
ENSG00000173213	12496
ENSG00000173230	12502
ENSG00000173267	12510
ENSG00000173272	12512
ENSG00000173369	12522
ENSG00000173372	12523
ENSG00000173418	12532
ENSG00000173436	12535
ENSG00000173531	12551
ENSG00000173545	12555
ENSG00000173559	12559
ENSG00000173575	12560
ENSG00000173598	12565
ENSG00000173641	12573
ENSG00000173660	12575
ENSG00000173692	12579
ENSG00000173702	12582
ENSG00000173726	12587
ENSG00000173821	12601
ENSG00000173848	12606
ENSG00000173868	12608
ENSG00000173889	12610
ENSG00000173890	12611
ENSG00000173915	12616
ENSG00000173933	12622
ENSG00000174021	12634
ENSG00000174099	12640
ENSG00000174348	12675
ENSG00000174373	12680
ENSG00000174437	12686
ENSG00000174444	12688
ENSG00000174485	12697
ENSG00000174501	12700
ENSG00000174547	12706
ENSG00000174574	12710
ENSG00000174695	12725
ENSG00000174718	12728
ENSG00000174720	12729
ENSG00000174721	12730
ENSG00000174748	12734
ENSG00000174780	12737
ENSG00000174886	12755
ENSG00000174891	12756
ENSG00000174917	12761
ENSG00000175063	12783
ENSG00000175155	12798
ENSG00000175161	12799
ENSG00000175183	12805
ENSG00000175193	12807
ENSG00000175206	12812
ENSG00000175216	12815
ENSG00000175265	12821
ENSG00000175354	12840
ENSG00000175387	12843
ENSG00000175390	12844
ENSG00000175416	12847
ENSG00000175445	12849
ENSG00000175535	12863
ENSG00000175567	12871
ENSG00000175582	12875
ENSG00000175701	12890
ENSG00000175745	12896
ENSG00000175768	12900
ENSG00000175793	12906
ENSG00000175899	12921
ENSG00000176014	12932
ENSG00000176046	12937
ENSG00000176153	12953
ENSG00000176171	12958
ENSG00000176261	12971
ENSG00000176386	12981
ENSG00000176387	12982
ENSG00000176390	12983
ENSG00000176406	12989
ENSG00000176485	13002
ENSG00000176731	13030
ENSG00000176871	13044
ENSG00000176890	13046
ENSG00000176903	13048
ENSG00000177200	13102
ENSG00000177359	13120
ENSG00000177425	13131
ENSG00000177426	13132
ENSG00000177479	13142
ENSG00000177575	13157
ENSG00000177606	13163
ENSG00000177683	13175
ENSG00000177791	13190
ENSG00000177879	13198
ENSG00000177889	13201
ENSG00000177954	13210
ENSG00000177981	13213
ENSG00000178035	13223
ENSG00000178057	13227
ENSG00000178104	13233
ENSG00000178172	13241
ENSG00000178252	13256
ENSG00000178372	13266
ENSG00000178449	13278
ENSG00000178695	13306
ENSG00000178796	13322
ENSG00000178804	13325
ENSG00000178919	13339
ENSG00000178952	13347
ENSG00000178980	13353
ENSG00000179163	13388
ENSG00000179335	13407
ENSG00000179344	13408
ENSG00000179639	13444
ENSG00000179751	13452
ENSG00000179776	13457
ENSG00000179912	13474
ENSG00000179914	13476
ENSG00000180198	13512
ENSG00000180210	13514
ENSG00000180304	13527
ENSG00000180353	13535
ENSG00000180370	13538
ENSG00000180424	13545
ENSG00000180644	13570
ENSG00000180776	13585
ENSG00000180817	13591
ENSG00000181019	13624
ENSG00000181061	13633
ENSG00000181092	13637
ENSG00000181104	13639
ENSG00000181163	13642
ENSG00000181195	13645
ENSG00000181274	13653
ENSG00000181350	13659
ENSG00000181381	13663
ENSG00000181449	13672
ENSG00000181458	13673
ENSG00000181649	13691
ENSG00000181666	13694
ENSG00000181722	13697
ENSG00000181789	13706
ENSG00000181817	13710
ENSG00000181924	13725
ENSG00000181991	13729
ENSG00000182004	13732
ENSG00000182117	13746
ENSG00000182149	13751
ENSG00000182175	13759
ENSG00000182179	13760
ENSG00000182180	13761
ENSG00000182253	13773
ENSG00000182333	13788
ENSG00000182481	13805
ENSG00000182512	13812
ENSG00000182541	13816
ENSG00000182551	13818
ENSG00000182628	13831
ENSG00000182670	13837
ENSG00000182768	13851
ENSG00000182774	13853
ENSG00000182899	13875
ENSG00000182919	13880
ENSG00000182985	13894
ENSG00000183091	13914
ENSG00000183283	13940
ENSG00000183291	13942
ENSG00000183336	13950
ENSG00000183347	13954
ENSG00000183378	13956
ENSG00000183386	13958
ENSG00000183401	13962
ENSG00000183431	13965
ENSG00000183486	13976
ENSG00000183520	13982
ENSG00000183527	13983
ENSG00000183624	14001
ENSG00000183648	14005
ENSG00000183696	14017
ENSG00000183741	14026
ENSG00000183963	14069
ENSG00000183978	14072
ENSG00000184007	14074
ENSG00000184012	14076
ENSG00000184014	14077
ENSG00000184076	14083
ENSG00000184110	14087
ENSG00000184117	14089
ENSG00000184182	14100
ENSG00000184203	14103
ENSG00000184220	14109
ENSG00000184254	14114
ENSG00000184292	14119
ENSG00000184371	14133
ENSG00000184432	14142
ENSG00000184575	14170
ENSG00000184588	14172
ENSG00000184613	14176
ENSG00000184743	14196
ENSG00000184752	14197
ENSG00000184792	14201
ENSG00000184840	14207
ENSG00000184897	14214
ENSG00000184983	14231
ENSG00000185043	14250
ENSG00000185088	14258
ENSG00000185104	14262
ENSG00000185164	14273
ENSG00000185236	14286
ENSG00000185262	14292
ENSG00000185303	14304
ENSG00000185420	14322
ENSG00000185432	14323
ENSG00000185479	14332
ENSG00000185559	14350
ENSG00000185567	14353
ENSG00000185608	14358
ENSG00000185630	14365
ENSG00000185658	14373
ENSG00000185745	14394
ENSG00000185787	14399
ENSG00000185862	14412
ENSG00000185864	14414
ENSG00000185873	14416
ENSG00000185896	14422
ENSG00000185946	14431
ENSG00000185966	14437
ENSG00000186063	14454
ENSG00000186081	14458
ENSG00000186115	14464
ENSG00000186184	14477
ENSG00000186298	14501
ENSG00000186352	14511
ENSG00000186395	14516
ENSG00000186432	14522
ENSG00000186439	14523
ENSG00000186468	14530
ENSG00000186480	14537
ENSG00000186522	14545
ENSG00000186591	14556
ENSG00000186844	14593
ENSG00000187021	14617
ENSG00000187109	14633
ENSG00000187118	14635
ENSG00000187134	14638
ENSG00000187173	14646
ENSG00000187180	14647
ENSG00000187193	14651
ENSG00000187446	14667
ENSG00000187479	14669
ENSG00000187653	14699
ENSG00000187735	14714
ENSG00000187840	14739
ENSG00000187908	14747
ENSG00000187955	14755
ENSG00000187957	14756
ENSG00000188243	14803
ENSG00000188257	14804
ENSG00000188312	14813
ENSG00000188313	14814
ENSG00000188404	14830
ENSG00000188488	14837
ENSG00000188508	14841
ENSG00000188529	14845
ENSG00000188603	14856
ENSG00000188765	14890
ENSG00000188846	14907
ENSG00000188906	14915
ENSG00000188994	14925
ENSG00000189001	14927
ENSG00000189043	14932
ENSG00000189058	14938
ENSG00000189091	14945
ENSG00000189136	14952
ENSG00000189241	14970
ENSG00000189266	14972
ENSG00000189403	15000
ENSG00000196091	15014
ENSG00000196136	15024
ENSG00000196139	15025
ENSG00000196141	15026
ENSG00000196187	15038
ENSG00000196218	15048
ENSG00000196262	15057
ENSG00000196305	15066
ENSG00000196352	15075
ENSG00000196365	15081
ENSG00000196405	15095
ENSG00000196449	15109
ENSG00000196465	15116
ENSG00000196470	15118
ENSG00000196502	15124
ENSG00000196504	15126
ENSG00000196531	15133
ENSG00000196535	15134
ENSG00000196549	15138
ENSG00000196562	15141
ENSG00000196565	15142
ENSG00000196569	15143
ENSG00000196591	15150
ENSG00000196616	15156
ENSG00000196628	15158
ENSG00000196683	15175
ENSG00000196730	15185
ENSG00000196743	15190
ENSG00000196776	15195
ENSG00000196805	15201
ENSG00000196843	15208
ENSG00000196878	15216
ENSG00000196914	15219
ENSG00000196937	15226
ENSG00000196950	15228
ENSG00000196975	15235
ENSG00000197006	15240
ENSG00000197084	15261
ENSG00000197102	15263
ENSG00000197111	15265
ENSG00000197119	15267
ENSG00000197142	15274
ENSG00000197157	15278
ENSG00000197170	15282
ENSG00000197249	15296
ENSG00000197273	15303
ENSG00000197381	15327
ENSG00000197448	15339
ENSG00000197498	15350
ENSG00000197614	15380
ENSG00000197616	15381
ENSG00000197622	15384
ENSG00000197629	15385
ENSG00000197632	15386
ENSG00000197641	15388
ENSG00000197694	15393
ENSG00000197712	15397
ENSG00000197747	15404
ENSG00000197756	15406
ENSG00000197893	15441
ENSG00000197894	15442
ENSG00000197930	15449
ENSG00000197958	15458
ENSG00000197965	15461
ENSG00000197982	15468
ENSG00000198015	15476
ENSG00000198074	15493
ENSG00000198089	15499
ENSG00000198121	15506
ENSG00000198125	15507
ENSG00000198160	15516
ENSG00000198176	15522
ENSG00000198189	15525
ENSG00000198231	15533
ENSG00000198258	15537
ENSG00000198336	15550
ENSG00000198380	15558
ENSG00000198408	15562
ENSG00000198417	15563
ENSG00000198431	15566
ENSG00000198520	15584
ENSG00000198523	15587
ENSG00000198542	15590
ENSG00000198561	15598
ENSG00000198574	15602
ENSG00000198586	15605
ENSG00000198604	15609
ENSG00000198612	15611
ENSG00000198618	15612
ENSG00000198625	15614
ENSG00000198626	15615
ENSG00000198643	15617
ENSG00000198650	15620
ENSG00000198668	15622
ENSG00000198677	15625
ENSG00000198682	15628
ENSG00000198744	15655
ENSG00000198755	15660
ENSG00000198758	15662
ENSG00000198791	15673
ENSG00000198805	15683
ENSG00000198830	15696
ENSG00000198832	15697
ENSG00000198836	15700
ENSG00000198837	15701
ENSG00000198843	15707
ENSG00000198848	15710
ENSG00000198856	15715
ENSG00000198860	15717
ENSG00000198898	15737
ENSG00000198901	15740
ENSG00000198912	15745
ENSG00000198961	15771
ENSG00000203760	15832
ENSG00000203785	15840
ENSG00000203859	15850
ENSG00000203907	15862
ENSG00000204010	15877
ENSG00000204128	15897
ENSG00000204196	15915
ENSG00000204256	15928
ENSG00000204287	15938
ENSG00000204370	15963
ENSG00000204525	16001
ENSG00000204531	16003
ENSG00000204642	16037
ENSG00000204843	16066
ENSG00000205302	16135
ENSG00000205323	16139
ENSG00000205339	16141
ENSG00000205352	16142
ENSG00000205358	16144
ENSG00000205362	16147
ENSG00000205364	16149
ENSG00000205403	16151
ENSG00000205420	16153
ENSG00000205581	16169
ENSG00000205678	16177
ENSG00000205746	16188
ENSG00000205981	16219
ENSG00000206053	16222
ENSG00000206075	16226
ENSG00000206503	16245
ENSG00000211445	16298
ENSG00000211450	16300
ENSG00000211592	16310
ENSG00000211598	16316
ENSG00000211640	16324
ENSG00000211648	16328
ENSG00000211649	16329
ENSG00000211788	16379
ENSG00000213058	16458
ENSG00000213178	16476
ENSG00000213186	16479
ENSG00000213190	16480
ENSG00000213231	16488
ENSG00000213465	16518
ENSG00000213523	16524
ENSG00000213553	16528
ENSG00000213585	16531
ENSG00000213614	16536
ENSG00000213639	16541
ENSG00000213654	16544
ENSG00000213658	16545
ENSG00000213741	16557
ENSG00000213853	16568
ENSG00000213931	16584
ENSG00000213949	16587
ENSG00000213965	16588
ENSG00000213977	16589
ENSG00000213983	16590
ENSG00000214046	16599
ENSG00000214078	16602
ENSG00000214194	16622
ENSG00000214736	16677
ENSG00000215030	16709
ENSG00000215252	16732
ENSG00000215704	16761
ENSG00000215845	16769
ENSG00000217555	16798
ENSG00000219200	16824
ENSG00000220749	16850
ENSG00000220842	16853
ENSG00000221869	16867
ENSG00000221914	16875
ENSG00000223601	16947
ENSG00000223803	16970
ENSG00000224041	16998
ENSG00000225630	17183
ENSG00000225648	17187
ENSG00000225921	17228
ENSG00000225972	17238
ENSG00000226084	17254
ENSG00000226221	17267
ENSG00000226360	17285
ENSG00000226396	17291
ENSG00000226415	17294
ENSG00000226564	17313
ENSG00000227097	17386
ENSG00000227671	17446
ENSG00000227877	17464
ENSG00000228205	17501
ENSG00000228278	17513
ENSG00000228716	17577
ENSG00000228929	17600
ENSG00000229119	17618
ENSG00000229183	17626
ENSG00000229314	17633
ENSG00000229344	17637
ENSG00000229447	17653
ENSG00000229638	17672
ENSG00000229859	17697
ENSG00000230076	17724
ENSG00000230989	17830
ENSG00000231389	17874
ENSG00000232112	17956
ENSG00000232388	17975
ENSG00000232573	18000
ENSG00000232653	18012
ENSG00000232713	18019
ENSG00000233276	18093
ENSG00000233426	18105
ENSG00000233762	18147
ENSG00000233913	18159
ENSG00000233927	18162
ENSG00000234287	18206
ENSG00000234465	18227
ENSG00000234545	18236
ENSG00000234648	18251
ENSG00000234741	18266
ENSG00000234745	18267
ENSG00000234851	18280
ENSG00000234906	18289
ENSG00000234964	18302
ENSG00000234975	18306
ENSG00000235162	18334
ENSG00000235174	18337
ENSG00000235453	18367
ENSG00000236438	18480
ENSG00000236439	18481
ENSG00000236876	18523
ENSG00000237039	18537
ENSG00000237550	18590
ENSG00000237973	18632
ENSG00000239264	18679
ENSG00000239474	18693
ENSG00000239620	18702
ENSG00000239672	18709
ENSG00000239839	18723
ENSG00000239899	18731
ENSG00000240038	18745
ENSG00000240045	18747
ENSG00000240338	18769
ENSG00000240342	18770
ENSG00000240386	18776
ENSG00000240563	18787
ENSG00000240583	18788
ENSG00000240972	18810
ENSG00000241186	18826
ENSG00000241553	18856
ENSG00000241644	18864
ENSG00000241685	18866
ENSG00000241794	18876
ENSG00000241837	18877
ENSG00000242028	18888
ENSG00000242114	18897
ENSG00000242265	18908
ENSG00000242299	18912
ENSG00000242372	18915
ENSG00000242534	18928
ENSG00000242616	18933
ENSG00000243147	18963
ENSG00000243199	18967
ENSG00000243317	18981
ENSG00000243449	18992
ENSG00000243480	18995
ENSG00000243678	19009
ENSG00000243716	19016
ENSG00000243749	19018
ENSG00000243927	19031
ENSG00000243955	19034
ENSG00000244038	19045
ENSG00000244067	19052
ENSG00000244398	19077
ENSG00000244716	19110
ENSG00000244754	19115
ENSG00000247627	19204
ENSG00000248485	19255
ENSG00000248527	19261
ENSG00000249353	19324
ENSG00000249855	19376
ENSG00000249992	19387
ENSG00000250182	19404
ENSG00000250361	19423
ENSG00000250479	19440
ENSG00000250722	19466
ENSG00000251583	19549
ENSG00000253729	19658
ENSG00000254647	19776
ENSG00000254999	19824
ENSG00000255112	19835
ENSG00000255185	19852
ENSG00000255302	19867
ENSG00000255823	19920
ENSG00000256223	19952
ENSG00000256713	19996
ENSG00000256980	20021
ENSG00000257017	20024
ENSG00000257727	20088
ENSG00000258315	20136
ENSG00000259494	20307
ENSG00000259781	20346
ENSG00000260314	20450
ENSG00000260916	20553
ENSG00000261857	20732
ENSG00000262814	20781
ENSG00000263001	20794
ENSG00000263155	20808
ENSG00000263639	20836
ENSG00000265190	20907
ENSG00000265241	20909
ENSG00000265354	20913
ENSG00000265681	20927
ENSG00000265972	20951
ENSG00000266200	20966
ENSG00000266412	20976
ENSG00000266472	20981
ENSG00000267681	21160
ENSG00000267855	21182
ENSG00000268903	21276
ENSG00000269028	21285
ENSG00000269713	21342
ENSG00000269893	21355
ENSG00000269981	21376
ENSG00000270170	21402
ENSG00000270647	21427
ENSG00000271383	21474
ENSG00000271503	21480
ENSG00000272398	21616
ENSG00000272573	21650
ENSG00000272578	21653
ENSG00000272602	21660
ENSG00000272886	21722
ENSG00000273338	21813
ENSG00000273841	21869
ENSG00000275395	21995
ENSG00000275718	22024
ENSG00000277443	22163
ENSG00000277586	22177
ENSG00000277702	22186
ENSG00000283196	22616
ENSG00000283992	22654
